<?xml version="1.0" encoding="utf-8" standalone="yes"?>
<rss version="2.0" xmlns:atom="http://www.w3.org/2005/Atom" xmlns:content="http://purl.org/rss/1.0/modules/content/">
  <channel>
    <title>browserslist on 小陈的个人博客</title>
    <link>http://chenjunlinabc.github.io/tags/browserslist/</link>
    <description>Recent content in browserslist on 小陈的个人博客</description>
    <image>
      <url>http://chenjunlinabc.github.io/%3Clink%20or%20path%20of%20image%20for%20opengraph,%20twitter-cards%3E</url>
      <link>http://chenjunlinabc.github.io/%3Clink%20or%20path%20of%20image%20for%20opengraph,%20twitter-cards%3E</link>
    </image>
    <generator>Hugo -- gohugo.io</generator>
    <language>zh-cn</language>
    <lastBuildDate>Sat, 12 Mar 2022 10:00:00 +0000</lastBuildDate><atom:link href="http://chenjunlinabc.github.io/tags/browserslist/index.xml" rel="self" type="application/rss+xml" />
    <item>
      <title>browserslist的简单配置</title>
      <link>http://chenjunlinabc.github.io/posts/140/</link>
      <pubDate>Sat, 12 Mar 2022 10:00:00 +0000</pubDate>
      
      <guid>http://chenjunlinabc.github.io/posts/140/</guid>
      <description>browserslist是查询浏览器列表的工具，browserslisp的配置可写在package.json中，也可以单独写在.browserslistrc配置⽂件中
browserslist的配置文件会被Autoprefixer，Babel，postcss-preset-env，eslint-plugin-compat，stylelint-no-unsupported-browser-features，postcss-normalize，obsolete-webpack-plugin工具读取，并且对配置的目标浏览器做适配工作
npx browserslist可查看根据条件输出的浏览器列表
查看全球用户份额大于0.2%的浏览器
npx browserslist &amp;ldquo;&amp;gt; 0.2%&amp;rdquo;
查询Chrome最新1个版本
npx browserslist &amp;ldquo;last 1 Chrome versions&amp;rdquo;
查看browserslist的默认配置
npx browserslist &amp;ldquo;defaults&amp;rdquo;
browserslist的默认配置为&amp;gt; 0.5% and last 2 versions adn Firefox ESR and not dead
not dead的意思是不输出官方不再维护的浏览器（例如ie10），dead是不维护，not是不输出
and就是和，or是或者
browserslist的配置
package.json（browserslist官方推荐用这个）
&amp;quot;browserslist&amp;quot;: [&#39;&amp;gt; 0.2%&#39;,&#39;last 1 Chrome versions&#39;&#39;not dead&#39;]或者写成
&amp;quot;browserslist&amp;quot;: [&#39;&amp;gt; 0.2% and last 1 Chrome versions and not dead&#39;,].browserslistrc
&amp;gt; 0.2% and last 1 Chrome versions and not deadbrowserslist数据的优先级：当前项目的package.</description>
    </item>
    
  </channel>
</rss>
