<?xml version="1.0" encoding="utf-8" standalone="yes"?>
<rss version="2.0" xmlns:atom="http://www.w3.org/2005/Atom" xmlns:content="http://purl.org/rss/1.0/modules/content/">
  <channel>
    <title>Tags on 小陈的个人博客</title>
    <link>http://chenjunlinabc.github.io/tags/</link>
    <description>Recent content in Tags on 小陈的个人博客</description>
    <image>
      <url>http://chenjunlinabc.github.io/%3Clink%20or%20path%20of%20image%20for%20opengraph,%20twitter-cards%3E</url>
      <link>http://chenjunlinabc.github.io/%3Clink%20or%20path%20of%20image%20for%20opengraph,%20twitter-cards%3E</link>
    </image>
    <generator>Hugo -- gohugo.io</generator>
    <language>zh-cn</language>
    <lastBuildDate>Sat, 18 Jun 2022 00:12:00 +0000</lastBuildDate><atom:link href="http://chenjunlinabc.github.io/tags/index.xml" rel="self" type="application/rss+xml" />
    <item>
      <title>ECharts</title>
      <link>http://chenjunlinabc.github.io/tags/echarts/</link>
      <pubDate>Sat, 18 Jun 2022 00:12:00 +0000</pubDate>
      
      <guid>http://chenjunlinabc.github.io/tags/echarts/</guid>
      <description></description>
    </item>
    
    <item>
      <title>Nuxt.js</title>
      <link>http://chenjunlinabc.github.io/tags/nuxt.js/</link>
      <pubDate>Sun, 05 Jun 2022 21:36:00 +0000</pubDate>
      
      <guid>http://chenjunlinabc.github.io/tags/nuxt.js/</guid>
      <description></description>
    </item>
    
    <item>
      <title>vuejs</title>
      <link>http://chenjunlinabc.github.io/tags/vuejs/</link>
      <pubDate>Sun, 05 Jun 2022 21:36:00 +0000</pubDate>
      
      <guid>http://chenjunlinabc.github.io/tags/vuejs/</guid>
      <description></description>
    </item>
    
    <item>
      <title>scoop</title>
      <link>http://chenjunlinabc.github.io/tags/scoop/</link>
      <pubDate>Fri, 20 May 2022 22:10:00 +0000</pubDate>
      
      <guid>http://chenjunlinabc.github.io/tags/scoop/</guid>
      <description></description>
    </item>
    
    <item>
      <title>windows</title>
      <link>http://chenjunlinabc.github.io/tags/windows/</link>
      <pubDate>Fri, 20 May 2022 22:10:00 +0000</pubDate>
      
      <guid>http://chenjunlinabc.github.io/tags/windows/</guid>
      <description></description>
    </item>
    
    <item>
      <title>node.js</title>
      <link>http://chenjunlinabc.github.io/tags/node.js/</link>
      <pubDate>Fri, 13 May 2022 00:09:00 +0000</pubDate>
      
      <guid>http://chenjunlinabc.github.io/tags/node.js/</guid>
      <description></description>
    </item>
    
    <item>
      <title>编译原理</title>
      <link>http://chenjunlinabc.github.io/tags/%E7%BC%96%E8%AF%91%E5%8E%9F%E7%90%86/</link>
      <pubDate>Sun, 08 May 2022 03:00:00 +0000</pubDate>
      
      <guid>http://chenjunlinabc.github.io/tags/%E7%BC%96%E8%AF%91%E5%8E%9F%E7%90%86/</guid>
      <description></description>
    </item>
    
    <item>
      <title>web安全</title>
      <link>http://chenjunlinabc.github.io/tags/web%E5%AE%89%E5%85%A8/</link>
      <pubDate>Wed, 13 Apr 2022 13:50:00 +0000</pubDate>
      
      <guid>http://chenjunlinabc.github.io/tags/web%E5%AE%89%E5%85%A8/</guid>
      <description></description>
    </item>
    
    <item>
      <title>a11y</title>
      <link>http://chenjunlinabc.github.io/tags/a11y/</link>
      <pubDate>Sat, 09 Apr 2022 13:01:00 +0000</pubDate>
      
      <guid>http://chenjunlinabc.github.io/tags/a11y/</guid>
      <description></description>
    </item>
    
    <item>
      <title>Rust</title>
      <link>http://chenjunlinabc.github.io/tags/rust/</link>
      <pubDate>Mon, 28 Mar 2022 13:22:00 +0000</pubDate>
      
      <guid>http://chenjunlinabc.github.io/tags/rust/</guid>
      <description></description>
    </item>
    
    <item>
      <title>Flutter</title>
      <link>http://chenjunlinabc.github.io/tags/flutter/</link>
      <pubDate>Tue, 22 Mar 2022 12:00:00 +0000</pubDate>
      
      <guid>http://chenjunlinabc.github.io/tags/flutter/</guid>
      <description></description>
    </item>
    
    <item>
      <title>browserslist</title>
      <link>http://chenjunlinabc.github.io/tags/browserslist/</link>
      <pubDate>Sat, 12 Mar 2022 10:00:00 +0000</pubDate>
      
      <guid>http://chenjunlinabc.github.io/tags/browserslist/</guid>
      <description></description>
    </item>
    
    <item>
      <title>npm</title>
      <link>http://chenjunlinabc.github.io/tags/npm/</link>
      <pubDate>Sat, 12 Mar 2022 10:00:00 +0000</pubDate>
      
      <guid>http://chenjunlinabc.github.io/tags/npm/</guid>
      <description></description>
    </item>
    
    <item>
      <title>NestJS</title>
      <link>http://chenjunlinabc.github.io/tags/nestjs/</link>
      <pubDate>Sat, 05 Mar 2022 14:00:00 +0000</pubDate>
      
      <guid>http://chenjunlinabc.github.io/tags/nestjs/</guid>
      <description></description>
    </item>
    
    <item>
      <title>Express</title>
      <link>http://chenjunlinabc.github.io/tags/express/</link>
      <pubDate>Mon, 28 Feb 2022 18:04:00 +0000</pubDate>
      
      <guid>http://chenjunlinabc.github.io/tags/express/</guid>
      <description></description>
    </item>
    
    <item>
      <title>golang</title>
      <link>http://chenjunlinabc.github.io/tags/golang/</link>
      <pubDate>Tue, 22 Feb 2022 05:19:00 +0000</pubDate>
      
      <guid>http://chenjunlinabc.github.io/tags/golang/</guid>
      <description></description>
    </item>
    
    <item>
      <title>Hugo</title>
      <link>http://chenjunlinabc.github.io/tags/hugo/</link>
      <pubDate>Tue, 22 Feb 2022 05:19:00 +0000</pubDate>
      
      <guid>http://chenjunlinabc.github.io/tags/hugo/</guid>
      <description></description>
    </item>
    
    <item>
      <title>RESTful</title>
      <link>http://chenjunlinabc.github.io/tags/restful/</link>
      <pubDate>Wed, 16 Feb 2022 21:50:00 +0000</pubDate>
      
      <guid>http://chenjunlinabc.github.io/tags/restful/</guid>
      <description></description>
    </item>
    
    <item>
      <title>Gin</title>
      <link>http://chenjunlinabc.github.io/tags/gin/</link>
      <pubDate>Tue, 15 Feb 2022 17:00:00 +0000</pubDate>
      
      <guid>http://chenjunlinabc.github.io/tags/gin/</guid>
      <description></description>
    </item>
    
    <item>
      <title>beego</title>
      <link>http://chenjunlinabc.github.io/tags/beego/</link>
      <pubDate>Sat, 12 Feb 2022 16:50:00 +0000</pubDate>
      
      <guid>http://chenjunlinabc.github.io/tags/beego/</guid>
      <description></description>
    </item>
    
    <item>
      <title>esbuild</title>
      <link>http://chenjunlinabc.github.io/tags/esbuild/</link>
      <pubDate>Mon, 07 Feb 2022 13:37:00 +0000</pubDate>
      
      <guid>http://chenjunlinabc.github.io/tags/esbuild/</guid>
      <description></description>
    </item>
    
    <item>
      <title>JavaScript</title>
      <link>http://chenjunlinabc.github.io/tags/javascript/</link>
      <pubDate>Mon, 07 Feb 2022 13:37:00 +0000</pubDate>
      
      <guid>http://chenjunlinabc.github.io/tags/javascript/</guid>
      <description></description>
    </item>
    
    <item>
      <title>Git</title>
      <link>http://chenjunlinabc.github.io/tags/git/</link>
      <pubDate>Tue, 01 Feb 2022 18:00:00 +0000</pubDate>
      
      <guid>http://chenjunlinabc.github.io/tags/git/</guid>
      <description></description>
    </item>
    
    <item>
      <title>Github</title>
      <link>http://chenjunlinabc.github.io/tags/github/</link>
      <pubDate>Tue, 01 Feb 2022 18:00:00 +0000</pubDate>
      
      <guid>http://chenjunlinabc.github.io/tags/github/</guid>
      <description></description>
    </item>
    
    <item>
      <title>css</title>
      <link>http://chenjunlinabc.github.io/tags/css/</link>
      <pubDate>Thu, 27 Jan 2022 12:00:00 +0000</pubDate>
      
      <guid>http://chenjunlinabc.github.io/tags/css/</guid>
      <description></description>
    </item>
    
    <item>
      <title>TailwindCSS</title>
      <link>http://chenjunlinabc.github.io/tags/tailwindcss/</link>
      <pubDate>Thu, 27 Jan 2022 12:00:00 +0000</pubDate>
      
      <guid>http://chenjunlinabc.github.io/tags/tailwindcss/</guid>
      <description></description>
    </item>
    
    <item>
      <title>PostCSS</title>
      <link>http://chenjunlinabc.github.io/tags/postcss/</link>
      <pubDate>Sun, 23 Jan 2022 13:55:00 +0000</pubDate>
      
      <guid>http://chenjunlinabc.github.io/tags/postcss/</guid>
      <description></description>
    </item>
    
    <item>
      <title>k8s</title>
      <link>http://chenjunlinabc.github.io/tags/k8s/</link>
      <pubDate>Mon, 10 Jan 2022 12:31:00 +0000</pubDate>
      
      <guid>http://chenjunlinabc.github.io/tags/k8s/</guid>
      <description></description>
    </item>
    
    <item>
      <title>Kubernetes</title>
      <link>http://chenjunlinabc.github.io/tags/kubernetes/</link>
      <pubDate>Mon, 10 Jan 2022 12:31:00 +0000</pubDate>
      
      <guid>http://chenjunlinabc.github.io/tags/kubernetes/</guid>
      <description></description>
    </item>
    
    <item>
      <title>Python</title>
      <link>http://chenjunlinabc.github.io/tags/python/</link>
      <pubDate>Fri, 31 Dec 2021 01:05:00 +0000</pubDate>
      
      <guid>http://chenjunlinabc.github.io/tags/python/</guid>
      <description></description>
    </item>
    
    <item>
      <title>Pinia</title>
      <link>http://chenjunlinabc.github.io/tags/pinia/</link>
      <pubDate>Sun, 26 Dec 2021 20:22:00 +0000</pubDate>
      
      <guid>http://chenjunlinabc.github.io/tags/pinia/</guid>
      <description></description>
    </item>
    
    <item>
      <title>vuex</title>
      <link>http://chenjunlinabc.github.io/tags/vuex/</link>
      <pubDate>Mon, 13 Dec 2021 06:19:00 +0000</pubDate>
      
      <guid>http://chenjunlinabc.github.io/tags/vuex/</guid>
      <description></description>
    </item>
    
    <item>
      <title>RSS</title>
      <link>http://chenjunlinabc.github.io/tags/rss/</link>
      <pubDate>Mon, 06 Dec 2021 02:32:00 +0000</pubDate>
      
      <guid>http://chenjunlinabc.github.io/tags/rss/</guid>
      <description></description>
    </item>
    
    <item>
      <title>设计模式</title>
      <link>http://chenjunlinabc.github.io/tags/%E8%AE%BE%E8%AE%A1%E6%A8%A1%E5%BC%8F/</link>
      <pubDate>Tue, 30 Nov 2021 15:08:00 +0000</pubDate>
      
      <guid>http://chenjunlinabc.github.io/tags/%E8%AE%BE%E8%AE%A1%E6%A8%A1%E5%BC%8F/</guid>
      <description></description>
    </item>
    
    <item>
      <title>shell</title>
      <link>http://chenjunlinabc.github.io/tags/shell/</link>
      <pubDate>Tue, 23 Nov 2021 00:01:00 +0000</pubDate>
      
      <guid>http://chenjunlinabc.github.io/tags/shell/</guid>
      <description></description>
    </item>
    
    <item>
      <title>Rollup</title>
      <link>http://chenjunlinabc.github.io/tags/rollup/</link>
      <pubDate>Wed, 10 Nov 2021 16:22:00 +0000</pubDate>
      
      <guid>http://chenjunlinabc.github.io/tags/rollup/</guid>
      <description></description>
    </item>
    
    <item>
      <title>django</title>
      <link>http://chenjunlinabc.github.io/tags/django/</link>
      <pubDate>Fri, 22 Oct 2021 18:50:00 +0000</pubDate>
      
      <guid>http://chenjunlinabc.github.io/tags/django/</guid>
      <description></description>
    </item>
    
    <item>
      <title>web.py</title>
      <link>http://chenjunlinabc.github.io/tags/web.py/</link>
      <pubDate>Mon, 18 Oct 2021 12:00:00 +0000</pubDate>
      
      <guid>http://chenjunlinabc.github.io/tags/web.py/</guid>
      <description></description>
    </item>
    
    <item>
      <title>weex</title>
      <link>http://chenjunlinabc.github.io/tags/weex/</link>
      <pubDate>Sun, 10 Oct 2021 14:00:00 +0000</pubDate>
      
      <guid>http://chenjunlinabc.github.io/tags/weex/</guid>
      <description></description>
    </item>
    
    <item>
      <title>操作系统</title>
      <link>http://chenjunlinabc.github.io/tags/%E6%93%8D%E4%BD%9C%E7%B3%BB%E7%BB%9F/</link>
      <pubDate>Thu, 07 Oct 2021 09:00:00 +0000</pubDate>
      
      <guid>http://chenjunlinabc.github.io/tags/%E6%93%8D%E4%BD%9C%E7%B3%BB%E7%BB%9F/</guid>
      <description></description>
    </item>
    
    <item>
      <title>mocha</title>
      <link>http://chenjunlinabc.github.io/tags/mocha/</link>
      <pubDate>Sun, 03 Oct 2021 12:55:00 +0000</pubDate>
      
      <guid>http://chenjunlinabc.github.io/tags/mocha/</guid>
      <description></description>
    </item>
    
    <item>
      <title>istanbul</title>
      <link>http://chenjunlinabc.github.io/tags/istanbul/</link>
      <pubDate>Thu, 30 Sep 2021 12:22:00 +0000</pubDate>
      
      <guid>http://chenjunlinabc.github.io/tags/istanbul/</guid>
      <description></description>
    </item>
    
    <item>
      <title>Lerna</title>
      <link>http://chenjunlinabc.github.io/tags/lerna/</link>
      <pubDate>Sun, 26 Sep 2021 12:50:00 +0000</pubDate>
      
      <guid>http://chenjunlinabc.github.io/tags/lerna/</guid>
      <description></description>
    </item>
    
    <item>
      <title>ESlint</title>
      <link>http://chenjunlinabc.github.io/tags/eslint/</link>
      <pubDate>Thu, 23 Sep 2021 10:06:00 +0000</pubDate>
      
      <guid>http://chenjunlinabc.github.io/tags/eslint/</guid>
      <description></description>
    </item>
    
    <item>
      <title>Umi</title>
      <link>http://chenjunlinabc.github.io/tags/umi/</link>
      <pubDate>Mon, 20 Sep 2021 21:00:00 +0000</pubDate>
      
      <guid>http://chenjunlinabc.github.io/tags/umi/</guid>
      <description></description>
    </item>
    
    <item>
      <title>数据结构</title>
      <link>http://chenjunlinabc.github.io/tags/%E6%95%B0%E6%8D%AE%E7%BB%93%E6%9E%84/</link>
      <pubDate>Fri, 17 Sep 2021 01:00:00 +0000</pubDate>
      
      <guid>http://chenjunlinabc.github.io/tags/%E6%95%B0%E6%8D%AE%E7%BB%93%E6%9E%84/</guid>
      <description></description>
    </item>
    
    <item>
      <title>n</title>
      <link>http://chenjunlinabc.github.io/tags/n/</link>
      <pubDate>Thu, 16 Sep 2021 21:55:00 +0000</pubDate>
      
      <guid>http://chenjunlinabc.github.io/tags/n/</guid>
      <description></description>
    </item>
    
    <item>
      <title>nodejs</title>
      <link>http://chenjunlinabc.github.io/tags/nodejs/</link>
      <pubDate>Thu, 16 Sep 2021 21:55:00 +0000</pubDate>
      
      <guid>http://chenjunlinabc.github.io/tags/nodejs/</guid>
      <description></description>
    </item>
    
    <item>
      <title>nrm</title>
      <link>http://chenjunlinabc.github.io/tags/nrm/</link>
      <pubDate>Thu, 16 Sep 2021 21:55:00 +0000</pubDate>
      
      <guid>http://chenjunlinabc.github.io/tags/nrm/</guid>
      <description></description>
    </item>
    
    <item>
      <title>nvm</title>
      <link>http://chenjunlinabc.github.io/tags/nvm/</link>
      <pubDate>Thu, 16 Sep 2021 21:55:00 +0000</pubDate>
      
      <guid>http://chenjunlinabc.github.io/tags/nvm/</guid>
      <description></description>
    </item>
    
    <item>
      <title>pm2</title>
      <link>http://chenjunlinabc.github.io/tags/pm2/</link>
      <pubDate>Thu, 16 Sep 2021 21:55:00 +0000</pubDate>
      
      <guid>http://chenjunlinabc.github.io/tags/pm2/</guid>
      <description></description>
    </item>
    
    <item>
      <title>pnpm</title>
      <link>http://chenjunlinabc.github.io/tags/pnpm/</link>
      <pubDate>Thu, 16 Sep 2021 21:55:00 +0000</pubDate>
      
      <guid>http://chenjunlinabc.github.io/tags/pnpm/</guid>
      <description></description>
    </item>
    
    <item>
      <title>Angular</title>
      <link>http://chenjunlinabc.github.io/tags/angular/</link>
      <pubDate>Mon, 13 Sep 2021 12:00:00 +0000</pubDate>
      
      <guid>http://chenjunlinabc.github.io/tags/angular/</guid>
      <description></description>
    </item>
    
    <item>
      <title>koa</title>
      <link>http://chenjunlinabc.github.io/tags/koa/</link>
      <pubDate>Sun, 12 Sep 2021 18:30:00 +0000</pubDate>
      
      <guid>http://chenjunlinabc.github.io/tags/koa/</guid>
      <description></description>
    </item>
    
    <item>
      <title>CSRF</title>
      <link>http://chenjunlinabc.github.io/tags/csrf/</link>
      <pubDate>Sun, 12 Sep 2021 17:00:00 +0000</pubDate>
      
      <guid>http://chenjunlinabc.github.io/tags/csrf/</guid>
      <description></description>
    </item>
    
    <item>
      <title>XSS</title>
      <link>http://chenjunlinabc.github.io/tags/xss/</link>
      <pubDate>Sun, 12 Sep 2021 17:00:00 +0000</pubDate>
      
      <guid>http://chenjunlinabc.github.io/tags/xss/</guid>
      <description></description>
    </item>
    
    <item>
      <title>Redis</title>
      <link>http://chenjunlinabc.github.io/tags/redis/</link>
      <pubDate>Fri, 10 Sep 2021 21:10:00 +0000</pubDate>
      
      <guid>http://chenjunlinabc.github.io/tags/redis/</guid>
      <description></description>
    </item>
    
    <item>
      <title>Jest</title>
      <link>http://chenjunlinabc.github.io/tags/jest/</link>
      <pubDate>Mon, 06 Sep 2021 23:00:00 +0000</pubDate>
      
      <guid>http://chenjunlinabc.github.io/tags/jest/</guid>
      <description></description>
    </item>
    
    <item>
      <title>React</title>
      <link>http://chenjunlinabc.github.io/tags/react/</link>
      <pubDate>Fri, 03 Sep 2021 12:00:00 +0000</pubDate>
      
      <guid>http://chenjunlinabc.github.io/tags/react/</guid>
      <description></description>
    </item>
    
    <item>
      <title>Taro</title>
      <link>http://chenjunlinabc.github.io/tags/taro/</link>
      <pubDate>Tue, 31 Aug 2021 12:15:00 +0000</pubDate>
      
      <guid>http://chenjunlinabc.github.io/tags/taro/</guid>
      <description></description>
    </item>
    
    <item>
      <title>Electron</title>
      <link>http://chenjunlinabc.github.io/tags/electron/</link>
      <pubDate>Wed, 25 Aug 2021 12:00:00 +0000</pubDate>
      
      <guid>http://chenjunlinabc.github.io/tags/electron/</guid>
      <description></description>
    </item>
    
    <item>
      <title>Markdown</title>
      <link>http://chenjunlinabc.github.io/tags/markdown/</link>
      <pubDate>Wed, 18 Aug 2021 16:50:00 +0000</pubDate>
      
      <guid>http://chenjunlinabc.github.io/tags/markdown/</guid>
      <description></description>
    </item>
    
    <item>
      <title>Vite</title>
      <link>http://chenjunlinabc.github.io/tags/vite/</link>
      <pubDate>Wed, 18 Aug 2021 14:20:00 +0000</pubDate>
      
      <guid>http://chenjunlinabc.github.io/tags/vite/</guid>
      <description></description>
    </item>
    
    <item>
      <title>nginx</title>
      <link>http://chenjunlinabc.github.io/tags/nginx/</link>
      <pubDate>Wed, 18 Aug 2021 12:50:00 +0000</pubDate>
      
      <guid>http://chenjunlinabc.github.io/tags/nginx/</guid>
      <description></description>
    </item>
    
    <item>
      <title>SVN</title>
      <link>http://chenjunlinabc.github.io/tags/svn/</link>
      <pubDate>Wed, 11 Aug 2021 15:00:00 +0000</pubDate>
      
      <guid>http://chenjunlinabc.github.io/tags/svn/</guid>
      <description></description>
    </item>
    
    <item>
      <title>Axios</title>
      <link>http://chenjunlinabc.github.io/tags/axios/</link>
      <pubDate>Wed, 11 Aug 2021 12:15:00 +0000</pubDate>
      
      <guid>http://chenjunlinabc.github.io/tags/axios/</guid>
      <description></description>
    </item>
    
    <item>
      <title>Ant Design</title>
      <link>http://chenjunlinabc.github.io/tags/ant-design/</link>
      <pubDate>Tue, 10 Aug 2021 23:03:00 +0000</pubDate>
      
      <guid>http://chenjunlinabc.github.io/tags/ant-design/</guid>
      <description></description>
    </item>
    
    <item>
      <title>Sveltejs</title>
      <link>http://chenjunlinabc.github.io/tags/sveltejs/</link>
      <pubDate>Mon, 09 Aug 2021 22:50:00 +0000</pubDate>
      
      <guid>http://chenjunlinabc.github.io/tags/sveltejs/</guid>
      <description></description>
    </item>
    
    <item>
      <title>算法</title>
      <link>http://chenjunlinabc.github.io/tags/%E7%AE%97%E6%B3%95/</link>
      <pubDate>Mon, 09 Aug 2021 20:36:00 +0000</pubDate>
      
      <guid>http://chenjunlinabc.github.io/tags/%E7%AE%97%E6%B3%95/</guid>
      <description></description>
    </item>
    
    <item>
      <title>Mobx</title>
      <link>http://chenjunlinabc.github.io/tags/mobx/</link>
      <pubDate>Sun, 08 Aug 2021 21:35:00 +0000</pubDate>
      
      <guid>http://chenjunlinabc.github.io/tags/mobx/</guid>
      <description></description>
    </item>
    
    <item>
      <title>http</title>
      <link>http://chenjunlinabc.github.io/tags/http/</link>
      <pubDate>Sun, 08 Aug 2021 17:02:00 +0000</pubDate>
      
      <guid>http://chenjunlinabc.github.io/tags/http/</guid>
      <description></description>
    </item>
    
    <item>
      <title>MongoDB</title>
      <link>http://chenjunlinabc.github.io/tags/mongodb/</link>
      <pubDate>Sun, 08 Aug 2021 14:20:00 +0000</pubDate>
      
      <guid>http://chenjunlinabc.github.io/tags/mongodb/</guid>
      <description></description>
    </item>
    
    <item>
      <title>NextJS</title>
      <link>http://chenjunlinabc.github.io/tags/nextjs/</link>
      <pubDate>Sat, 07 Aug 2021 23:26:00 +0000</pubDate>
      
      <guid>http://chenjunlinabc.github.io/tags/nextjs/</guid>
      <description></description>
    </item>
    
    <item>
      <title>Gulp</title>
      <link>http://chenjunlinabc.github.io/tags/gulp/</link>
      <pubDate>Fri, 06 Aug 2021 20:52:00 +0000</pubDate>
      
      <guid>http://chenjunlinabc.github.io/tags/gulp/</guid>
      <description></description>
    </item>
    
    <item>
      <title>TypeScript</title>
      <link>http://chenjunlinabc.github.io/tags/typescript/</link>
      <pubDate>Sun, 18 Jul 2021 15:50:00 +0000</pubDate>
      
      <guid>http://chenjunlinabc.github.io/tags/typescript/</guid>
      <description></description>
    </item>
    
    <item>
      <title>正则表达式</title>
      <link>http://chenjunlinabc.github.io/tags/%E6%AD%A3%E5%88%99%E8%A1%A8%E8%BE%BE%E5%BC%8F/</link>
      <pubDate>Fri, 02 Jul 2021 18:12:00 +0000</pubDate>
      
      <guid>http://chenjunlinabc.github.io/tags/%E6%AD%A3%E5%88%99%E8%A1%A8%E8%BE%BE%E5%BC%8F/</guid>
      <description></description>
    </item>
    
    <item>
      <title>Sass</title>
      <link>http://chenjunlinabc.github.io/tags/sass/</link>
      <pubDate>Fri, 02 Jul 2021 08:44:00 +0000</pubDate>
      
      <guid>http://chenjunlinabc.github.io/tags/sass/</guid>
      <description></description>
    </item>
    
    <item>
      <title>Less</title>
      <link>http://chenjunlinabc.github.io/tags/less/</link>
      <pubDate>Thu, 01 Jul 2021 15:31:00 +0000</pubDate>
      
      <guid>http://chenjunlinabc.github.io/tags/less/</guid>
      <description></description>
    </item>
    
    <item>
      <title>微信小程序</title>
      <link>http://chenjunlinabc.github.io/tags/%E5%BE%AE%E4%BF%A1%E5%B0%8F%E7%A8%8B%E5%BA%8F/</link>
      <pubDate>Sun, 27 Jun 2021 12:34:00 +0000</pubDate>
      
      <guid>http://chenjunlinabc.github.io/tags/%E5%BE%AE%E4%BF%A1%E5%B0%8F%E7%A8%8B%E5%BA%8F/</guid>
      <description></description>
    </item>
    
    <item>
      <title>webpack</title>
      <link>http://chenjunlinabc.github.io/tags/webpack/</link>
      <pubDate>Thu, 24 Jun 2021 10:11:00 +0000</pubDate>
      
      <guid>http://chenjunlinabc.github.io/tags/webpack/</guid>
      <description></description>
    </item>
    
    <item>
      <title>进制转换</title>
      <link>http://chenjunlinabc.github.io/tags/%E8%BF%9B%E5%88%B6%E8%BD%AC%E6%8D%A2/</link>
      <pubDate>Sun, 20 Jun 2021 20:07:00 +0000</pubDate>
      
      <guid>http://chenjunlinabc.github.io/tags/%E8%BF%9B%E5%88%B6%E8%BD%AC%E6%8D%A2/</guid>
      <description></description>
    </item>
    
    <item>
      <title>Yarn</title>
      <link>http://chenjunlinabc.github.io/tags/yarn/</link>
      <pubDate>Wed, 16 Jun 2021 22:55:00 +0000</pubDate>
      
      <guid>http://chenjunlinabc.github.io/tags/yarn/</guid>
      <description></description>
    </item>
    
    <item>
      <title>wsl</title>
      <link>http://chenjunlinabc.github.io/tags/wsl/</link>
      <pubDate>Wed, 16 Jun 2021 17:43:00 +0000</pubDate>
      
      <guid>http://chenjunlinabc.github.io/tags/wsl/</guid>
      <description></description>
    </item>
    
    <item>
      <title>server</title>
      <link>http://chenjunlinabc.github.io/tags/server/</link>
      <pubDate>Wed, 16 Jun 2021 15:52:00 +0000</pubDate>
      
      <guid>http://chenjunlinabc.github.io/tags/server/</guid>
      <description></description>
    </item>
    
    <item>
      <title>Linux</title>
      <link>http://chenjunlinabc.github.io/tags/linux/</link>
      <pubDate>Wed, 16 Jun 2021 14:48:00 +0000</pubDate>
      
      <guid>http://chenjunlinabc.github.io/tags/linux/</guid>
      <description></description>
    </item>
    
    <item>
      <title>hexo</title>
      <link>http://chenjunlinabc.github.io/tags/hexo/</link>
      <pubDate>Wed, 16 Jun 2021 14:36:00 +0000</pubDate>
      
      <guid>http://chenjunlinabc.github.io/tags/hexo/</guid>
      <description></description>
    </item>
    
    <item>
      <title>html</title>
      <link>http://chenjunlinabc.github.io/tags/html/</link>
      <pubDate>Wed, 16 Jun 2021 09:38:00 +0000</pubDate>
      
      <guid>http://chenjunlinabc.github.io/tags/html/</guid>
      <description></description>
    </item>
    
    <item>
      <title>jQuery</title>
      <link>http://chenjunlinabc.github.io/tags/jquery/</link>
      <pubDate>Wed, 16 Jun 2021 09:38:00 +0000</pubDate>
      
      <guid>http://chenjunlinabc.github.io/tags/jquery/</guid>
      <description></description>
    </item>
    
    <item>
      <title>mysql</title>
      <link>http://chenjunlinabc.github.io/tags/mysql/</link>
      <pubDate>Wed, 16 Jun 2021 09:37:00 +0000</pubDate>
      
      <guid>http://chenjunlinabc.github.io/tags/mysql/</guid>
      <description></description>
    </item>
    
    <item>
      <title>java</title>
      <link>http://chenjunlinabc.github.io/tags/java/</link>
      <pubDate>Wed, 16 Jun 2021 09:35:00 +0000</pubDate>
      
      <guid>http://chenjunlinabc.github.io/tags/java/</guid>
      <description></description>
    </item>
    
    <item>
      <title>docker</title>
      <link>http://chenjunlinabc.github.io/tags/docker/</link>
      <pubDate>Wed, 16 Jun 2021 09:34:00 +0000</pubDate>
      
      <guid>http://chenjunlinabc.github.io/tags/docker/</guid>
      <description></description>
    </item>
    
    <item>
      <title>xml</title>
      <link>http://chenjunlinabc.github.io/tags/xml/</link>
      <pubDate>Wed, 16 Jun 2021 09:32:49 +0000</pubDate>
      
      <guid>http://chenjunlinabc.github.io/tags/xml/</guid>
      <description></description>
    </item>
    
    <item>
      <title>区块链</title>
      <link>http://chenjunlinabc.github.io/tags/%E5%8C%BA%E5%9D%97%E9%93%BE/</link>
      <pubDate>Wed, 16 Jun 2021 09:27:00 +0000</pubDate>
      
      <guid>http://chenjunlinabc.github.io/tags/%E5%8C%BA%E5%9D%97%E9%93%BE/</guid>
      <description></description>
    </item>
    
    <item>
      <title>Vim</title>
      <link>http://chenjunlinabc.github.io/tags/vim/</link>
      <pubDate>Sun, 28 Mar 2021 12:00:00 +0000</pubDate>
      
      <guid>http://chenjunlinabc.github.io/tags/vim/</guid>
      <description></description>
    </item>
    
    <item>
      <title>SEO</title>
      <link>http://chenjunlinabc.github.io/tags/seo/</link>
      <pubDate>Sat, 20 Mar 2021 11:50:00 +0000</pubDate>
      
      <guid>http://chenjunlinabc.github.io/tags/seo/</guid>
      <description></description>
    </item>
    
  </channel>
</rss>
