<?xml version="1.0" encoding="utf-8" standalone="yes"?>
<rss version="2.0" xmlns:atom="http://www.w3.org/2005/Atom" xmlns:content="http://purl.org/rss/1.0/modules/content/">
  <channel>
    <title>mocha on 小陈的个人博客</title>
    <link>http://chenjunlinabc.github.io/tags/mocha/</link>
    <description>Recent content in mocha on 小陈的个人博客</description>
    <image>
      <url>http://chenjunlinabc.github.io/%3Clink%20or%20path%20of%20image%20for%20opengraph,%20twitter-cards%3E</url>
      <link>http://chenjunlinabc.github.io/%3Clink%20or%20path%20of%20image%20for%20opengraph,%20twitter-cards%3E</link>
    </image>
    <generator>Hugo -- gohugo.io</generator>
    <language>zh-cn</language>
    <lastBuildDate>Sun, 03 Oct 2021 12:55:00 +0000</lastBuildDate><atom:link href="http://chenjunlinabc.github.io/tags/mocha/index.xml" rel="self" type="application/rss+xml" />
    <item>
      <title>简单使用mocha测试框架</title>
      <link>http://chenjunlinabc.github.io/posts/114/</link>
      <pubDate>Sun, 03 Oct 2021 12:55:00 +0000</pubDate>
      
      <guid>http://chenjunlinabc.github.io/posts/114/</guid>
      <description>mocha是JavaScript测试框架
安装
npm install &amp;ndash;global mocha
测试，例如：
demo.js
function abc(a,b,c){return a+b+c}module.exports = abcdemo.test.js
const demo = require(&#39;./demo.js&#39;)const expect = require(&#39;chai&#39;).expectdescribe(&#39;test&#39;, function() {it(&#39;错误&#39;, function() {expect(demo(1,3,7)).to.be.equal(11)})})测试（允许测试多个，默认执行test子目录的测试文件，如果test子目录存在该文件，可以不用加参数）
mocha demo.test.js
其中expect(demo(1,3,7)).to.be.equal(11)是断言，当1+3+7的结果不是11的时候，抛出错误
因为mocha本身没有断言库，需要导入 const expect = require(&amp;lsquo;chai&amp;rsquo;).expect
查看内置的全部报告格式（默认是spec）
mocha &amp;ndash;reporters
使用Dot格式显示
mocha &amp;ndash;reporter dot
使用HTML报告
npm install &amp;ndash;save-dev mochawesome
mocha其他参数
&amp;ndash;watch：监听指定测试脚本，只要测试脚本发生改变就自动执行mocha
搜索测试实例（通过名称）
mocha &amp;ndash;grep &amp;ldquo;test&amp;rdquo;
&amp;ndash;invert ：只执行不符合条件的测试脚本，要搭配&amp;ndash;grep使用
如果要测试ES6，需要转码
npm install babel-core babel-preset-es2015 &amp;ndash;save-dev
.babelrc</description>
    </item>
    
  </channel>
</rss>
