<?xml version="1.0" encoding="utf-8" standalone="yes"?>
<rss version="2.0" xmlns:atom="http://www.w3.org/2005/Atom" xmlns:content="http://purl.org/rss/1.0/modules/content/">
  <channel>
    <title>java on 小陈的个人博客</title>
    <link>http://chenjunlinabc.github.io/tags/java/</link>
    <description>Recent content in java on 小陈的个人博客</description>
    <image>
      <url>http://chenjunlinabc.github.io/%3Clink%20or%20path%20of%20image%20for%20opengraph,%20twitter-cards%3E</url>
      <link>http://chenjunlinabc.github.io/%3Clink%20or%20path%20of%20image%20for%20opengraph,%20twitter-cards%3E</link>
    </image>
    <generator>Hugo -- gohugo.io</generator>
    <language>zh-cn</language>
    <lastBuildDate>Wed, 16 Jun 2021 09:35:00 +0000</lastBuildDate><atom:link href="http://chenjunlinabc.github.io/tags/java/index.xml" rel="self" type="application/rss+xml" />
    <item>
      <title>java基础学习笔记</title>
      <link>http://chenjunlinabc.github.io/posts/19/</link>
      <pubDate>Wed, 16 Jun 2021 09:35:00 +0000</pubDate>
      
      <guid>http://chenjunlinabc.github.io/posts/19/</guid>
      <description>java基于java虚拟机（Java Virtual Machine，JVM）和java应用编程接口（Application Programming Interface，API）构成
java的跨平台得益于java虚拟机，只需要编译一次java程序，就可以在不同系统的java虚拟机上运行
java分为Java SE、Java EE 和 Java ME。
类的命名：必须是英文开头，后可字母，数字和下划线
一般为大写字母开头
例如：
public class Abc
public是访问修饰符，表示该class为公开，如果没有写pulic，也可以正常编译，但是这个class将不能在命令行中执行
在class内部可以定义方法，例如:
public static void main(String[] args){}
这个例子的方法名为main，返回值为void，表示没有返回值，空
static是一个关键字，同样也是修饰符，表示静态方法
java入口程序必须是静态方法，方法名也必须为main，参数必须为String数组
在方法内部，语句才能执行，每一行程序都必须要以分号结束;
// 单行注释
/*
多行注释
*/
/** *
一样是多行注释 * */ java的变量的类型和JavaScript一样，变量分两种，基本类型变量和引用类型变量 java有8种基础类型，分别是整型（4种），字符型（1种），浮点型（2种），布尔型（1种）
变量必须先定义，后赋值使用，例如：
int a = 1;
定义为int整数类型，名称为a，初始值为1
变量的特点就是可以重新赋值
int i = 1; // 定义int类型，名称为i，赋值为1
i = 100; // 重新赋值为100
int x = i; // 变量x的值为i，因为i的值为100，所以x的值为i
整型
整型类型：int，byte，short，long
整型类型的数就是整数，整数默认为int，在数值后加上L就代表为long，例如：long abc = 123L;</description>
    </item>
    
  </channel>
</rss>
