<?xml version="1.0" encoding="utf-8" standalone="yes"?>
<rss version="2.0" xmlns:atom="http://www.w3.org/2005/Atom" xmlns:content="http://purl.org/rss/1.0/modules/content/">
  <channel>
    <title>nginx on 小陈的个人博客</title>
    <link>http://chenjunlinabc.github.io/tags/nginx/</link>
    <description>Recent content in nginx on 小陈的个人博客</description>
    <image>
      <url>http://chenjunlinabc.github.io/%3Clink%20or%20path%20of%20image%20for%20opengraph,%20twitter-cards%3E</url>
      <link>http://chenjunlinabc.github.io/%3Clink%20or%20path%20of%20image%20for%20opengraph,%20twitter-cards%3E</link>
    </image>
    <generator>Hugo -- gohugo.io</generator>
    <language>zh-cn</language>
    <lastBuildDate>Wed, 18 Aug 2021 12:50:00 +0000</lastBuildDate><atom:link href="http://chenjunlinabc.github.io/tags/nginx/index.xml" rel="self" type="application/rss+xml" />
    <item>
      <title>简单使用Nginx</title>
      <link>http://chenjunlinabc.github.io/posts/85/</link>
      <pubDate>Wed, 18 Aug 2021 12:50:00 +0000</pubDate>
      
      <guid>http://chenjunlinabc.github.io/posts/85/</guid>
      <description>Nginx是目前web服务器占比第一（在https://w3techs.com 中可以看到Nginx占比33.1%）
Nginx支持静态资源提供服务，支持高并发，热部署，反向代理，缓存，负载均衡等功能，Nginx使用BSD许可证开源（允许修改Nginx源码来重新发布一个商业用途的（例如Tengine））
Nginx由Nginx二进制可执行文件，Nginx.conf，access.log，error.log组成
Nginx和Nginx plus的区别：Nginx开源，免费，Nginx plus闭源，不免费
Nginx编译安装
Mainline version版本是提供最新的功能，Stable version版本是目前的稳定版本，Legacy versions版本是过去的版本
下载Nginx
wget http://nginx.org/download/nginx-1.22.0.tar.gz
解压Nginx压缩包
tar -xzf nginx-1.22.0.tar.gz
其中auto目录有4个子目录（分别为cc（用于编译），lib（lib库），os（操作系统的判断），types（类型判断）），conf目录是Nginx配置目录，html目录是Nginx默认静态文件
conf目录是Nginx配置文件目录（例如nginx.conf），src目录是Nginx源代码目录
进入nginx目录然后进行编译
查看编译时支持的参数
./configure &amp;ndash;help | more
使用默认参数编译
./configure &amp;ndash;prefix=/home/nginx
编译完成的中间文件存会放在objs文件夹下
ngx_module.c是要编译进Nginx的模块，如果需要安装第三方模块需要在其修改
make编译
make install安装
进入/home/nginx，可以看到已经安装完成
安装
编译安装
apt install -y gcc gcc-c++ pcre pcre-devel openssl openssl-devel zlib zlib-devel
wget http://nginx.org/download/nginx-1.22.0.tar.gz
tar -zxvf nginx-1.18.0.tar.gz
cd nginx-1.18.0
make &amp;amp;&amp;amp;make install
一键安装（不推荐）
apt install nginx
检查是否安装完毕
nginx -v
nginx配置文件nginx.conf解读，一般在/etc/nginx下
user root; # nginx运行用户worker_processes auto; # nginx进程数，一般会设置和CPU核数一致error_log /www/wwwlogs/nginx_error.</description>
    </item>
    
    <item>
      <title>记录一次MIME类型错误</title>
      <link>http://chenjunlinabc.github.io/posts/39/</link>
      <pubDate>Thu, 17 Jun 2021 08:25:00 +0000</pubDate>
      
      <guid>http://chenjunlinabc.github.io/posts/39/</guid>
      <description>打开网页，发现css没有加载出来，f12一看，content-type: text/plain;，把这个css当文本输出了，浏览器请求到这种类型的文件都不会对其进行处理，而且应该是text/css才对
先了解一下浏览器是如何处理这些数据的，是怎么区分的
数据通过http传输协议获取到，然后由web服务器的content-type向浏览器进行指示数据的类型，而mime.types就是用来定义数据文件的类型，用什么格式来进行网页编码（charset=utf-8）
当web服务器接收到请求时，会依据请求文件的后缀名在服务器的MIME配置文件中找到对应的mime.types，然后根据mime.types来确定content-type，浏览器根据content-type来处理数据
解决方法：当然是指定mime.types文件，而宝塔的nginx一般是在/www/server/nginx目录下，而mime.types文件一般在nginx目录下的conf目录下，会看到一个叫mime.types的文件和一个叫mime.types.default的文件
往nginx配置文件上输入 include /www/server/nginx/conf/mime.types; default_type application/octet-stream;
第一个行指定mime.types，第二行就是默认类型
然后重启一下nginx服务器，刷新一下网页，看到恢复成content-type: text/css了</description>
    </item>
    
  </channel>
</rss>
