<?xml version="1.0" encoding="utf-8" standalone="yes"?>
<rss version="2.0" xmlns:atom="http://www.w3.org/2005/Atom" xmlns:content="http://purl.org/rss/1.0/modules/content/">
  <channel>
    <title>Gin on 小陈的个人博客</title>
    <link>http://chenjunlinabc.github.io/tags/gin/</link>
    <description>Recent content in Gin on 小陈的个人博客</description>
    <image>
      <url>http://chenjunlinabc.github.io/%3Clink%20or%20path%20of%20image%20for%20opengraph,%20twitter-cards%3E</url>
      <link>http://chenjunlinabc.github.io/%3Clink%20or%20path%20of%20image%20for%20opengraph,%20twitter-cards%3E</link>
    </image>
    <generator>Hugo -- gohugo.io</generator>
    <language>zh-cn</language>
    <lastBuildDate>Tue, 15 Feb 2022 17:00:00 +0000</lastBuildDate><atom:link href="http://chenjunlinabc.github.io/tags/gin/index.xml" rel="self" type="application/rss+xml" />
    <item>
      <title>Gin框架学习笔记</title>
      <link>http://chenjunlinabc.github.io/posts/135/</link>
      <pubDate>Tue, 15 Feb 2022 17:00:00 +0000</pubDate>
      
      <guid>http://chenjunlinabc.github.io/posts/135/</guid>
      <description>Gin是一个基于go语言编写的web框架，因为Gin的路由库基于httprouter开发的，性能非常好，支持Restful api规范
安装
go get -u github.com/gin-gonic/gin
第一个demo
package mainimport &amp;quot;github.com/gin-gonic/gin&amp;quot;import &amp;quot;net/http&amp;quot;func main() {g := gin.Default()g.GET(&amp;quot;/&amp;quot;, func(c *gin.Context) {c.String(http.StatusOK, &amp;quot;hallo word&amp;quot;)})g.Run()}go run main.go
g.Run()是将应用部署到本地服务器上，默认端口为8080，可设置端口，g.Run(&amp;quot;:2333&amp;quot;)
路由
r.GET(&amp;quot;/test/:name&amp;quot;, func(c *gin.Context) {name := c.Param(&amp;quot;name&amp;quot;)c.String(http.StatusOK, name)})g.Run(&amp;quot;:6666&amp;quot;)127.0.0.1:6666/test/xiaochen
可以看到Context的Param方法可以获取路由的参数
通过url传递参数
r.GET(&amp;quot;/test&amp;quot;, func(c *gin.Context) {name := c.DefaultQuery(&amp;quot;name&amp;quot;, &amp;quot;test&amp;quot;)c.String(http.StatusOK, fmt.Sprintf(&amp;quot;hallo %s&amp;quot;, name))})r.Run()127.0.0.1:6666/test
如果没有传递参数将会输出DefaultQuery的默认参数test
传递参数后 127.0.0.1:6666/test?name=word
POST请求
index.html main.go</description>
    </item>
    
  </channel>
</rss>
