<?xml version="1.0" encoding="utf-8" standalone="yes"?>
<rss version="2.0" xmlns:atom="http://www.w3.org/2005/Atom" xmlns:content="http://purl.org/rss/1.0/modules/content/">
  <channel>
    <title>Categories on 小陈的个人博客</title>
    <link>http://chenjunlinabc.github.io/categories/</link>
    <description>Recent content in Categories on 小陈的个人博客</description>
    <image>
      <url>http://chenjunlinabc.github.io/%3Clink%20or%20path%20of%20image%20for%20opengraph,%20twitter-cards%3E</url>
      <link>http://chenjunlinabc.github.io/%3Clink%20or%20path%20of%20image%20for%20opengraph,%20twitter-cards%3E</link>
    </image>
    <generator>Hugo -- gohugo.io</generator>
    <language>zh-cn</language>
    <lastBuildDate>Sat, 18 Jun 2022 00:12:00 +0000</lastBuildDate><atom:link href="http://chenjunlinabc.github.io/categories/index.xml" rel="self" type="application/rss+xml" />
    <item>
      <title>技术</title>
      <link>http://chenjunlinabc.github.io/categories/%E6%8A%80%E6%9C%AF/</link>
      <pubDate>Sat, 18 Jun 2022 00:12:00 +0000</pubDate>
      
      <guid>http://chenjunlinabc.github.io/categories/%E6%8A%80%E6%9C%AF/</guid>
      <description></description>
    </item>
    
    <item>
      <title>学习</title>
      <link>http://chenjunlinabc.github.io/categories/%E5%AD%A6%E4%B9%A0/</link>
      <pubDate>Sun, 05 Jun 2022 21:36:00 +0000</pubDate>
      
      <guid>http://chenjunlinabc.github.io/categories/%E5%AD%A6%E4%B9%A0/</guid>
      <description></description>
    </item>
    
    <item>
      <title>默认</title>
      <link>http://chenjunlinabc.github.io/categories/%E9%BB%98%E8%AE%A4/</link>
      <pubDate>Sun, 26 Dec 2021 20:22:00 +0000</pubDate>
      
      <guid>http://chenjunlinabc.github.io/categories/%E9%BB%98%E8%AE%A4/</guid>
      <description></description>
    </item>
    
  </channel>
</rss>
