<?xml version="1.0" encoding="utf-8" standalone="yes"?>
<rss version="2.0" xmlns:atom="http://www.w3.org/2005/Atom" xmlns:content="http://purl.org/rss/1.0/modules/content/">
  <channel>
    <title>ESlint on 小陈的个人博客</title>
    <link>http://chenjunlinabc.github.io/tags/eslint/</link>
    <description>Recent content in ESlint on 小陈的个人博客</description>
    <image>
      <url>http://chenjunlinabc.github.io/%3Clink%20or%20path%20of%20image%20for%20opengraph,%20twitter-cards%3E</url>
      <link>http://chenjunlinabc.github.io/%3Clink%20or%20path%20of%20image%20for%20opengraph,%20twitter-cards%3E</link>
    </image>
    <generator>Hugo -- gohugo.io</generator>
    <language>zh-cn</language>
    <lastBuildDate>Thu, 23 Sep 2021 10:06:00 +0000</lastBuildDate><atom:link href="http://chenjunlinabc.github.io/tags/eslint/index.xml" rel="self" type="application/rss+xml" />
    <item>
      <title>简单使用ESlint代码风格校验工具</title>
      <link>http://chenjunlinabc.github.io/posts/111/</link>
      <pubDate>Thu, 23 Sep 2021 10:06:00 +0000</pubDate>
      
      <guid>http://chenjunlinabc.github.io/posts/111/</guid>
      <description>ESlint是用来校验JavaScript代码风格格式的工具，目的是确保每个人的代码风格统一，按照统一的规范编写（规范化、标准化是前端工程化的特点）
安装ESlint
npm install eslint &amp;ndash;save-dev
或者全局安装
npm install eslint &amp;ndash;global
修改scripts属性（package.json）&amp;ndash;fix参数是ESlint提供的自动修复基础错误功能（不能修复逻辑性错误），如果不要也可以
&amp;ldquo;lint&amp;rdquo;: &amp;ldquo;eslint src &amp;ndash;fix&amp;rdquo;, &amp;ldquo;lint:create&amp;rdquo;: &amp;ldquo;eslint &amp;ndash;init&amp;rdquo;
创建.eslintrc
npm run lint:create
会显示显示要求，例如是否校验ES6语法，首行空白是Tab键还是Space等等
校验程序（根据上面的修改，会检查src目录下的所有.js文件）
npm run lint
.eslintrc文件是ESlint校验配置文件，这个配置文件可以自己设置（或者手写手动修改），也可以复制别人的
&amp;ldquo;off&amp;rdquo; or 0 ：关闭规则
&amp;ldquo;warn&amp;rdquo; or 1 ：将规则视为一个警告
&amp;ldquo;error&amp;rdquo; or 2 ：将规则视为一个错误
可以设置规范，只能使用单引号，tab缩进等等编写规范</description>
    </item>
    
  </channel>
</rss>
