<?xml version="1.0" encoding="utf-8" standalone="yes"?>
<rss version="2.0" xmlns:atom="http://www.w3.org/2005/Atom" xmlns:content="http://purl.org/rss/1.0/modules/content/">
  <channel>
    <title>ECharts on 小陈的个人博客</title>
    <link>http://chenjunlinabc.github.io/tags/echarts/</link>
    <description>Recent content in ECharts on 小陈的个人博客</description>
    <image>
      <url>http://chenjunlinabc.github.io/%3Clink%20or%20path%20of%20image%20for%20opengraph,%20twitter-cards%3E</url>
      <link>http://chenjunlinabc.github.io/%3Clink%20or%20path%20of%20image%20for%20opengraph,%20twitter-cards%3E</link>
    </image>
    <generator>Hugo -- gohugo.io</generator>
    <language>zh-cn</language>
    <lastBuildDate>Sat, 18 Jun 2022 00:12:00 +0000</lastBuildDate><atom:link href="http://chenjunlinabc.github.io/tags/echarts/index.xml" rel="self" type="application/rss+xml" />
    <item>
      <title>ECharts数据可视化图表库简单使用</title>
      <link>http://chenjunlinabc.github.io/posts/153/</link>
      <pubDate>Sat, 18 Jun 2022 00:12:00 +0000</pubDate>
      
      <guid>http://chenjunlinabc.github.io/posts/153/</guid>
      <description>ECharts是基于JavaScript的数据可视化图表库
安装
npm install echarts --save第一个实例
import * as echarts from &#39;echarts&#39;let app = echarts.init(document.getElementById(&#39;app&#39;), null, {width: 800,height: 500})let data = {title: {text: &#39;用户管理&#39;},tooltip:{},legend: {data: [&#39;用户&#39;]},xAxis: {data: [&#39;root&#39;,&#39;admin&#39;,&#39;user1&#39;,&#39;user2&#39;,&#39;user3&#39;]},yAxis: {},series: [{name: &#39;用户权限&#39;,type: &#39;bar&#39;,data: [10,8,5,1,3]}]}app.setOption(data)注意：容器必须具备高度和宽度（这里的容器的id为app），要么html指定，要么在初始化时指定一个</description>
    </item>
    
  </channel>
</rss>
